,Title,Class,,,,,Count,Percentage
0,Leaving Caladan,0,,,0,Instrumental,34,3%
1,Kiss of Death,8,,,1,Metal / Rock,155,16%
2,"Voracity (From ""Overlord III"")",3,,,2,Alternative,161,16%
3,Gypsy,3,,,3,Rock,184,19%
4,"Get Jinxed (From ""League of Legends"")",4,,,4,Heavy Vocals,26,3%
5,Fire and Ice (Todoroki Rap) [feat. OzzaWorld],3,,,5,Party Music,132,13%
6,Zone (Karma Rap) [feat. Shwabadi],9,,,6,Sad Songs,38,4%
7,Go Get Kazuma,5,,,7,Acappella,37,4%
8,UwU Metal,1,,,8,Metal,117,12%
9,Sweet Dreams Are Made of Weebs,7,,,9,Pop,95,10%
10,"The Whole ""Being Dead"" Thing",2,,,,,,
11,Rainbows in the Dark,2,,,,,,
12,The Engineers' Drinking Song,7,,,,,,
13,Hardstuck,7,,,,,,
14,Song of the Seven,6,,,,,,
15,Stronger Than You [Remastered] - Sans Version,3,,,,,,
16,What's the Use of Feeling (Blue)? [feat. Patti LuPone & Deedee Magno Hall],6,,,,,,
17,What Can I Do (For You) [feat. Susan Egan & Tom Scharpling],5,,,,,,
18,"Bardic Inspiration (From ""1 For All"")",6,,,,,,
19,Lose (No Game No Life),3,,,,,,
20,Queen of Faiya,3,,,,,,
21,This Is War 6,1,,,,,,
22,"This Is War 5 - This Is Wardles (feat. Falconshield, LilyPichu, Jaynee, The Yordles, Rawb, Popushi & Nicki Taylor)",1,,,,,,
23,Mediocre Rap Battle of the LEC (Summer Playoffs 2020),3,,,,,,
24,Mediocre Rap Battle of the LEC (Summer Playoffs 2021),3,,,,,,
25,Insane,2,,,,,,
26,House of Asmodeus,5,,,,,,
27,UNDERWORLD,3,,,,,,
28,"Kick Back (From ""Chainsaw Man"") - English Version",3,,,,,,
29,Memories of a Girl I Haven't Met,3,,,,,,
30,ANTI-HERO,3,,,,,,
31,Heroes in Time,1,,,,,,
32,RISE,8,,,,,,
33,Massive Addictive,9,,,,,,
34,Take Me to Church,2,,,,,,
35,The Seven Sisters,5,,,,,,
36,Unshakeable,3,,,,,,
37,So Long Sentiment,1,,,,,,
38,Ashen Of The Ending Flame,0,,,,,,
39,Rock the Night Away,9,,,,,,
40,Children of Night,3,,,,,,
41,As They Bloom,3,,,,,,
42,Death To The King,2,,,,,,
43,Lights,1,,,,,,
44,Great at Crime,9,,,,,,
45,Father,8,,,,,,
46,Kiss Goodnight,5,,,,,,
47,Cinema,1,,,,,,
48,What Makes You Beautiful,3,,,,,,
49,JoJo's Theme (Doom Version),0,,,,,,
50,Barbie Girl - Goth Metal Version,2,,,,,,
51,Upgrade (Cyberpunk: Edgerunners),2,,,,,,
52,One-Winged Angel of Death,1,,,,,,
53,Terrestrial Sacrifice of Nyazathoth,3,,,,,,
54,They Don't Care About Us (Cyberpunk),1,,,,,,
55,Blind Lead the Blind,1,,,,,,
56,Shiny,8,,,,,,
57,Smite And Ignite,1,,,,,,
58,Kingslayer,0,,,,,,
59,Blue Moon,3,,,,,,
60,Do It All The Time,1,,,,,,
61,CHOKE (with grandson & Zero 9:36),5,,,,,,
62,Destroy All,3,,,,,,
63,Dollhouse,2,,,,,,
64,End of an Empire,5,,,,,,
65,A Matter of Time - Single Edit,1,,,,,,
66,Up All Night,2,,,,,,
67,Playtime,5,,,,,,
68,Wannabe,2,,,,,,
69,Hazy Skyscraper,2,,,,,,
70,dark hour,6,,,,,,
71,take the bait,3,,,,,,
72,Frame of Mind,3,,,,,,
73,Angry Too,9,,,,,,
74,Endgame,5,,,,,,
75,Pop Cult Crucifixion,1,,,,,,
76,Endgame (The Winter Cavalry Remix),1,,,,,,
77,killer queen,2,,,,,,
78,Holy Homicide,3,,,,,,
79,"wanting, getting, wanting",3,,,,,,
80,fake ass gold,1,,,,,,
81,Breakdown,2,,,,,,
82,Stick Up,1,,,,,,
83,Make ’Em Afraid,2,,,,,,
84,Deal With the Devil,3,,,,,,
85,Heavy Metal Never Dies - Remixed & Remastered,2,,,,,,
86,Stormtroopers,5,,,,,,
87,Simping For The Villain,1,,,,,,
88,Ətˈæk 0n Tάɪtn,5,,,,,,
89,DRAIN,5,,,,,,
90,Dreadnought,1,,,,,,
91,Red,2,,,,,,
92,Villain Vibes (feat. Mori Calliope),1,,,,,,
93,Bask In The Shimmer,9,,,,,,
94,Off With Their Heads,1,,,,,,
95,Beauty Of Annihilation,9,,,,,,
96,Dissolve,3,,,,,,
97,Decryption,9,,,,,,
98,Helix,5,,,,,,
99,Begging To Bleed,8,,,,,,
100,Awaken,1,,,,,,
101,Akira,5,,,,,,
102,Nightmare Weaver,8,,,,,,
103,ilomilo,6,,,,,,
104,PS5 (with TOMORROW X TOGETHER & Alan Walker),8,,,,,,
105,"Love Dramatic (From ""Kaguya-Sama: Love Is War"")",2,,,,,,
106,Killer,3,,,,,,
107,Succubus,1,,,,,,
108,I Got The Juice,2,,,,,,
109,All Eyes on You,8,,,,,,
110,Nothing To Forgive,2,,,,,,
111,My Spring Your Fall,1,,,,,,
112,Tentakill (feat. Nicki Taylor),3,,,,,,
113,Celestial,3,,,,,,
114,Angels Painted Red,8,,,,,,
115,Kingdoms Fall,8,,,,,,
116,The Call,0,,,,,,
117,Not Even Halfway Up,3,,,,,,
118,Masquerade,1,,,,,,
119,Until This City's Burning,8,,,,,,
120,Everybody Knows,9,,,,,,
121,SCREAM,5,,,,,,
122,Old Money,5,,,,,,
123,We Rise,2,,,,,,
124,Party Like Its 1920,1,,,,,,
125,Poker Face,3,,,,,,
126,Just Dance,2,,,,,,
127,Bad Romance,3,,,,,,
128,Fire Drill,9,,,,,,
129,Stasis,1,,,,,,
130,Samsara,3,,,,,,
131,Till Death Do Me Part,1,,,,,,
132,Roentgen,3,,,,,,
133,Victim of Yourself,9,,,,,,
134,Powerful,1,,,,,,
135,Feed the Machine,2,,,,,,
136,The Rumbling,2,,,,,,
137,Misty Mountains,6,,,,,,
138,All Hallows,1,,,,,,
139,Black Roses (4everfreebrony Remix),3,,,,,,
140,Let It All Burn,2,,,,,,
141,Blood (Alucard Rap),9,,,,,,
142,Crown,2,,,,,,
143,Broken,2,,,,,,
144,Red Water Dreams,5,,,,,,
145,The Rumbling,2,,,,,,
146,Gasoline,1,,,,,,
147,Long Drive,0,,,,,,
148,At Eternal's Gate,4,,,,,,
149,Skeleton,8,,,,,,
150,Teeth,9,,,,,,
151,Crack the Sky,5,,,,,,
152,L_st-_N-D_ta (Destabilize Pt. 2) [feat. Vylet],5,,,,,,
153,Addict (Pop Goes Metal Cover),3,,,,,,
154,Glitter & Gold,5,,,,,,
155,Warbringer,8,,,,,,
156,Empire of Steel,8,,,,,,
157,Midnight Madonna,8,,,,,,
158,Dead Man Walking,3,,,,,,
159,The Saint And The Sinner,5,,,,,,
160,"In Hell We Live, Lament",1,,,,,,
161,Godhunter,2,,,,,,
162,Pretty Rave Girl,2,,,,,,
163,Destroyer - Soul Extract Remix,1,,,,,,
164,Project Terraform - Entropy Zero Remix,4,,,,,,
165,No Time To Die,8,,,,,,
166,Guns for Hire (from the series Arcane League of Legends),8,,,,,,
167,Misfit Toys (from the series Arcane League of Legends),3,,,,,,
168,Playground (from the series Arcane League of Legends),5,,,,,,
169,Goodbye (from the series Arcane League of Legends),6,,,,,,
170,Snakes (from the series Arcane League of Legends),2,,,,,,
171,Dynasties and Dystopia (from the series Arcane League of Legends),3,,,,,,
172,Dirty Little Animals (from the series Arcane League of Legends),2,,,,,,
173,What Could Have Been feat. Ray Chen (from the series Arcane League of Legends),6,,,,,,
174,Get Jinxed,8,,,,,,
175,Specter,3,,,,,,
176,Kinesis,1,,,,,,
177,Centigrade,3,,,,,,
178,Christmas Truce,1,,,,,,
179,To Villains,0,,,,,,
180,Legends Never Die,8,,,,,,
181,Bene Gesserit,4,,,,,,
182,Enemy (with JID) - from the series Arcane League of Legends,1,,,,,,
183,DEVOLUTION,5,,,,,,
184,Evil Morty Theme (For The Damaged Coda) - Epic Version,0,,,,,,
185,Death Dealer,3,,,,,,
186,Carrier Signal,1,,,,,,
187,Solid State,1,,,,,,
188,Legion,3,,,,,,
189,Interstellar Skies,8,,,,,,
190,Damage Done,1,,,,,,
191,Exploit,8,,,,,,
192,"Butterfly (From ""Dance Dance Revolution"")",9,,,,,,
193,Leaving Heaven (feat. Skylar Grey),8,,,,,,
194,"Yah Yah (feat. Royce Da 5'9"", Black Thought, Q-Tip & Denaun)",3,,,,,,
195,Helios (Burn Me to the Sky),1,,,,,,
196,Villain,1,,,,,,
197,We All Lift Together,6,,,,,,
198,Stronger Than You (feat. Estelle),5,,,,,,
199,Appetite for Destruction,3,,,,,,
200,Let You In,3,,,,,,
201,MONTERO (Call Me By Your Name),1,,,,,,
202,INDUSTRY BABY (feat. Jack Harlow),1,,,,,,
203,Blood,5,,,,,,
204,Heroes out of Time,5,,,,,,
205,overwhelmed,2,,,,,,
206,Become God,4,,,,,,
207,STORY,5,,,,,,
208,Steel Commanders,3,,,,,,
209,Record Player (with AJR),1,,,,,,
210,Lightbringer - Acoustic,6,,,,,,
211,Redemption,5,,,,,,
212,Edge of Night,5,,,,,,
213,Predator,8,,,,,,
214,Lost Chapter,8,,,,,,
215,Aftershock,0,,,,,,
216,Last Stand,8,,,,,,
217,Stormrazor,5,,,,,,
218,Rockefeller Street (New Nightcore) [#Rockefellerstreet Remix],3,,,,,,
219,Toss a Coin to Your Witcher (Metal Version),5,,,,,,
220,We Don't Have To Dance,9,,,,,,
221,Little Poor Me,3,,,,,,
222,The Hex Core mk-2,0,,,,,,
223,The Hex Core,5,,,,,,
224,Infinity Edge,8,,,,,,
225,End of Me,2,,,,,,
226,Mammoth Rider,5,,,,,,
227,Mind Brand,1,,,,,,
228,Song of Jerry (And How Cool He Is),8,,,,,,
229,Boof and Brew,6,,,,,,
230,Live. Laugh. Love.,0,,,,,,
231,Protege,0,,,,,,
232,Bush Sellers,8,,,,,,
233,Bass Slut - Original Mix,3,,,,,,
234,Bury the Light (Dmc5),0,,,,,,
235,My Name Is..,3,,,,,,
236,Execution Is Fun!,9,,,,,,
237,Cowboys of the Sea,5,,,,,,
238,I Expect You to Die,6,,,,,,
239,High Towers,8,,,,,,
240,Walk,1,,,,,,
241,Don't You Dare Forget the Sun,1,,,,,,
242,Viva La Vida,2,,,,,,
243,Head Up,5,,,,,,
244,Handmaid,2,,,,,,
245,Devil Trigger,5,,,,,,
246,Victorious (Ready Player One),1,,,,,,
247,Last Surprise,2,,,,,,
248,Primo Victoria,2,,,,,,
249,Everybody Loves Me,9,,,,,,
250,good 4 u,2,,,,,,
251,Wizards!,5,,,,,,
252,Lullaby of Woe,6,,,,,,
253,The Sound of Silence,6,,,,,,
254,Silent Tears of Frozen Princess,1,,,,,,
255,Angus McFife,3,,,,,,
256,You'll Be Back,3,,,,,,
257,Defence of Moscow,3,,,,,,
258,Hungry for Another One,9,,,,,,
259,Perpetual Bliss,4,,,,,,
260,Rip & Tear,4,,,,,,
261,Warbringers: Jaina,7,,,,,,
262,Seven Nation Army - The Glitch Mob Remix,4,,,,,,
263,Fight Back,3,,,,,,
264,My Lullaby,5,,,,,,
265,In The Dark of the Night,8,,,,,,
266,Eye Of The Storm,2,,,,,,
267,The Point of No Return,9,,,,,,
268,Ysma's Song,9,,,,,,
269,Nova,0,,,,,,
270,What's Wrong,3,,,,,,
271,Cull,8,,,,,,
272,Thornmail,5,,,,,,
273,Blade of the Ruined King,0,,,,,,
274,Battle in the Sky,5,,,,,,
275,Interstellar Weather,2,,,,,,
276,Teir Abhaile Riu,6,,,,,,
277,Tír na nÓg,3,,,,,,
278,Yggdrasil,8,,,,,,
279,Reckless with my heart,2,,,,,,
280,Oh Oh Oh Sexy Vampire - S3rl & Justinb Remix,2,,,,,,
281,"Holding Out for a Hero - From ""Footloose"" Soundtrack",1,,,,,,
282,Prophecy of Ragnarök,1,,,,,,
283,Overdrive,9,,,,,,
284,"Answers (From ""Final Fantasy XIV"")",6,,,,,,
285,Madness,5,,,,,,
286,Crossfire,1,,,,,,
287,Rumor!,1,,,,,,
288,Sick Outta Fashion,5,,,,,,
289,Wanted,2,,,,,,
290,The Truth,5,,,,,,
291,Burn Blue (Feat. 2junsupermagnificent),2,,,,,,
292,C'est la vie,2,,,,,,
293,Ghost,2,,,,,,
294,Exposed,2,,,,,,
295,Hellfire,8,,,,,,
296,Digital World,1,,,,,,
297,Goddess of the Rain,5,,,,,,
298,Spowoky Owoky Pumpkin,6,,,,,,
299,Awaken,4,,,,,,
300,"""F""",3,,,,,,
301,The Bloodthirster,5,,,,,,
302,Appasayo,1,,,,,,
303,Necessary Evil,3,,,,,,
304,Ragin' Ray and Jin,1,,,,,,
305,Drunk Arcade (Radio Edit),2,,,,,,
306,"Ultimate Battle - Ka Ka Kachi Daze (From ""Dragon Ball Super"")",5,,,,,,
307,Polar Opposite,7,,,,,,
308,Toxic Love,1,,,,,,
309,Deathfire Grasp,1,,,,,,
310,"You're an Ace, Kid",1,,,,,,
311,Playing With The Big Boys,3,,,,,,
312,Be Prepared - 2019 Version,8,,,,,,
313,Poor Unfortunate Souls,5,,,,,,
314,"Boku no Sensou (My War) [from ""Attack on Titan Season 4""]",4,,,,,,
315,Boku no Sensou - TV Size,5,,,,,,
316,The New Legends,9,,,,,,
317,Addict,5,,,,,,
318,Warriors,8,,,,,,
319,Room to Fall,1,,,,,,
320,Bells of Notre Dame,1,,,,,,
321,Bury the Light,0,,,,,,
322,Tear of the Goddess,1,,,,,,
323,Lightbringer,5,,,,,,
324,Mortal Reminder,8,,,,,,
325,VILLAIN,8,,,,,,
326,THE BADDEST,1,,,,,,
327,MORE,8,,,,,,
328,POP/STARS,5,,,,,,
329,Skeletons (with Bryce Fox),9,,,,,,
330,Killer,2,,,,,,
331,Dungeon Master,1,,,,,,
332,Through the Fire and Flames,8,,,,,,
333,Hootsforce,5,,,,,,
334,Everytime We Touch,3,,,,,,
335,From a Place of Love,7,,,,,,
336,"Red Like Roses - Part II (From ""RWBY"")",8,,,,,,
337,AMERICA,3,,,,,,
338,QUEEN OF THE FREAKS,8,,,,,,
339,Phantomcat of Meowloween,6,,,,,,
340,Inmate 4859,1,,,,,,
341,Resist and Bite,1,,,,,,
342,MONSTER,2,,,,,,
343,How to Be a Heartbreaker,9,,,,,,
344,Come With Me,9,,,,,,
345,This Little Girl,2,,,,,,
346,I Touch Myself,4,,,,,,
347,What the Hell,3,,,,,,
348,Liar,6,,,,,,
349,Fading Light,8,,,,,,
350,Tomorrow We Fight,8,,,,,,
351,Born Ready (Reimagined),8,,,,,,
352,"Cruel Angel's Thesis (From ""Neon Genesis Evangelion"")",2,,,,,,
353,Epoch - The Living Tombstone Remix,8,,,,,,
354,Supernova,2,,,,,,
355,Zenzenzense - English ver.,9,,,,,,
356,Sparkle - English ver.,5,,,,,,
357,Nandemonaiya - English ver.,5,,,,,,
358,Dream lantern - English ver.,3,,,,,,
359,Madness,1,,,,,,
360,Riot,3,,,,,,
361,(Do You Wanna Date My) Avatar (feat. Felicia Day),3,,,,,,
362,Army Of The Night,8,,,,,,
363,Demons Are A Girl's Best Friend,8,,,,,,
364,We Drink Your Blood,8,,,,,,
365,Bad Apple!! - English Remaster,4,,,,,,
366,Sanctified with Dynamite,8,,,,,,
367,Bismarck,2,,,,,,
368,Take Over,1,,,,,,
369,I'm Blinded by the Lights,2,,,,,,
370,JOJO SONO CHINO SADAME,1,,,,,,
371,JoJo Pose,3,,,,,,
372,Nightmares & Flare Guns,2,,,,,,
373,Only One King,3,,,,,,
374,Lies,2,,,,,,
375,Monster,5,,,,,,
376,Big Bad Wolf,8,,,,,,
377,Demons,3,,,,,,
378,Whatever It Takes,1,,,,,,
379,Twisted,3,,,,,,
380,BLAME IT ON THE KIDS,2,,,,,,
381,Anti-Gravity,8,,,,,,
382,Rule the World,3,,,,,,
383,Battlefield,6,,,,,,
384,Freaks Like Us,5,,,,,,
385,"Daddy! Daddy! Do! (from ""Kaguya-Sama: Love is War"")",1,,,,,,
386,Teddy Boy (feat. TeddyLoid),2,,,,,,
387,King of the World,3,,,,,,
388,No One Stands Alone,5,,,,,,
389,Call My Name,2,,,,,,
390,Für Elise Nightmare,0,,,,,,
391,Bad Apple,3,,,,,,
392,Keter Qualities,2,,,,,,
393,"Contradiction (From ""The God of High School"")",2,,,,,,
394,Kings & Queens - Radio,2,,,,,,
395,"I Say Yes (From ""Zero no Tsukaima"")",7,,,,,,
396,Till I Collapse,3,,,,,,
397,Glad You Came,2,,,,,,
398,Take Me! - Helltaker Song,3,,,,,,
399,Vitality,0,,,,,,
400,Antidote,3,,,,,,
401,Nightcore Wildfire,8,,,,,,
402,A Cruel Angel Thesis: 3.0+1.0: The End of Evangelion,5,,,,,,
403,Shelter,3,,,,,,
404,Stronger,2,,,,,,
405,Unity,2,,,,,,
406,Fly Away,2,,,,,,
407,Life's A Mess (feat. Halsey),3,,,,,,
408,EVIL,1,,,,,,
409,"Hero Too (From ""My Hero Academia"")",2,,,,,,
410,PLAYLOUD,3,,,,,,
411,Lullaby,1,,,,,,
412,Widowmaker,2,,,,,,
413,We'll Meet Again,2,,,,,,
414,"Snow Fairy (From ""Fairy Tail"")",2,,,,,,
415,Runnin',8,,,,,,
416,RABBIT HOLE,2,,,,,,
417,After Dark (feat. Fiora),8,,,,,,
418,i feel bad,1,,,,,,
419,Within (Goblin Slayer Episode Twelve inserted song),6,,,,,,
420,Lava,8,,,,,,
421,Shatter Me Featuring Lzzy Hale,1,,,,,,
422,"Netsujou no Spectrum (from ""Seven Deadly Sins"")",1,,,,,,
423,Rivers in the Desert,2,,,,,,
424,Bathtub Mermaid,6,,,,,,
425,Heroes (we could be),5,,,,,,
426,Mind Brand,8,,,,,,
427,Alkatraz,9,,,,,,
428,Sociopath,8,,,,,,
429,Undead Lullaby,1,,,,,,
430,Bragging,1,,,,,,
431,Broken String,2,,,,,,
432,As We Fall,8,,,,,,
433,Awaken,6,,,,,,
434,Rise,5,,,,,,
435,Discord - The Living Tombstone Remix,2,,,,,,
436,Crazy Fuckin' Robot Body,8,,,,,,
437,world.search (you) ;,3,,,,,,
438,Stronger,8,,,,,,
439,Legend,3,,,,,,
440,The Champion,3,,,,,,
441,sustain++;,8,,,,,,
442,Human,7,,,,,,
443,world.execute (me) ;,8,,,,,,
444,Rightfully (TV Animation Goblin Slayer opening),8,,,,,,
445,Deadmen,3,,,,,,
446,The Lost Battalion,5,,,,,,
447,Death of Me,3,,,,,,
448,Nicotine,6,,,,,,
449,Tinted Eyes (feat. blackbear & 24kGoldn),2,,,,,,
450,My Mind (L Rap),7,,,,,,
451,Shots (Overhaul Rap) [feat. Fabvl],2,,,,,,
452,To Hell and Back,3,,,,,,
453,Smoking Snakes,1,,,,,,
454,"Clattanoia (From ""Overlord"")",5,,,,,,
455,Down (Nagisa Rap) [feat. Shwabadi],1,,,,,,
456,Six Feet,1,,,,,,
457,High While the World Ends,3,,,,,,
458,Hero of Our Time,1,,,,,,
459,Hate Me,2,,,,,,
460,Jericho,3,,,,,,
461,Everything Black,2,,,,,,
462,RISE,1,,,,,,
463,Diggy Diggy Hole,9,,,,,,
464,Raging (feat. Kodaline),8,,,,,,
465,Faded,5,,,,,,
466,One More Night,2,,,,,,
467,Payphone,9,,,,,,
468,Animals,2,,,,,,
469,Sugar,3,,,,,,
470,Counting Stars,8,,,,,,
471,Little Talks,3,,,,,,
472,Sail,4,,,,,,
473,Monster,9,,,,,,
474,Feel Invincible,2,,,,,,
475,Rule the World,3,,,,,,
476,Cold-Blooded,5,,,,,,
477,New Blood,5,,,,,,
478,Gladiator,5,,,,,,
479,Leave It All Behind,9,,,,,,
480,Legends Never Die,8,,,,,,
481,Fortuna (Warframe),6,,,,,,
482,Drown (feat. Clinton Kane) - Nicky Romero Remix,2,,,,,,
483,"We All Lift Together (From ""Warframe"")",7,,,,,,
484,Iris,3,,,,,,
485,Mama,8,,,,,,
486,Welcome to the Black Parade,3,,,,,,
487,dying breath,9,,,,,,
488,Royalty,9,,,,,,
489,Survive (Ban Rap) [feat. DaisyBanaisy],5,,,,,,
490,Mr. Brightside,3,,,,,,
491,When Dragons Cry,2,,,,,,
492,They Don't Care About Us,3,,,,,,
493,Unravel,6,,,,,,
494,Sail Away,8,,,,,,
495,Dreamer,1,,,,,,
496,Punches,5,,,,,,
497,Voodoo,3,,,,,,
498,Lucy,9,,,,,,
499,Heaven on Hold,3,,,,,,
500,Coldhearted,6,,,,,,
501,Stomp Me Out,5,,,,,,
502,Starlight,2,,,,,,
503,Midnight Addiction,2,,,,,,
504,Outrunning Karma,6,,,,,,
505,Sweet Tooth,3,,,,,,
506,Mister Glassman,3,,,,,,
507,Start a Fire,1,,,,,,
508,"Jingo Jungle (From ""Saga of Tanya the Evil"")",5,,,,,,
509,"Question (From ""Assassination Classroom"")",1,,,,,,
510,Lifelight (from “Super Smash Bros. Ultimate”),1,,,,,,
511,"Rise (From ""The Rising of the Shield Hero"")",5,,,,,,
512,Voldemort,2,,,,,,
513,Killer In The Mirror,2,,,,,,
514,I'll Sleep When I'm Dead,8,,,,,,
515,Wolf in Sheep's Clothing (feat. William Beckett),1,,,,,,
516,Night Witches,2,,,,,,
517,Burning Brighter,8,,,,,,
518,The Dead Can't Testify,9,,,,,,
519,The Mystic,2,,,,,,
520,Everybody Wants To Rule The World - From “The Hunger Games: Catching Fire” Soundtrack,6,,,,,,
521,Control,2,,,,,,
522,Carnivore,5,,,,,,
523,My Demons,8,,,,,,
524,Attention,2,,,,,,
525,Rich Love (with Seeb),2,,,,,,
526,I Took A Pill In Ibiza - Seeb Remix,2,,,,,,
527,Tiger Blood,2,,,,,,
528,It Has Begun,5,,,,,,
529,"Sucker for Pain (with Wiz Khalifa, Imagine Dragons, Logic & Ty Dolla $ign feat. X Ambassadors)",1,,,,,,
530,Hit and Run,1,,,,,,
531,Mad Hatter,9,,,,,,
532,Courtesy Call,1,,,,,,
533,For the Glory,2,,,,,,
534,Hail to the King,2,,,,,,
535,Mine,9,,,,,,
536,Forgive Me,8,,,,,,
537,White Rabbit,8,,,,,,
538,Bang!,8,,,,,,
539,Rumors,9,,,,,,
540,Sweet but Psycho,3,,,,,,
541,This Is War,5,,,,,,
542,"This Game (From ""No Game No Life"")",5,,,,,,
543,Doom Days,6,,,,,,
544,JEKYLL & HIDE,1,,,,,,
545,Heart Afire,8,,,,,,
546,CEMETERY,1,,,,,,
547,Godzilla (feat. Juice WRLD),1,,,,,,
548,"Till I Die (From ""Kill La Kill"")",8,,,,,,
549,"I Will (feat. KXNG Crooked, Royce Da 5'9"" & Joell Ortiz)",5,,,,,,
550,Kiss of Death,5,,,,,,
551,My Darling,3,,,,,,
552,"Rain (From ""Fullmetal Alchemist: Brotherhood"")",9,,,,,,
553,"Red Like Roses, Pt. 2",1,,,,,,
554,Partners in Crime (feat. Ash Costello),3,,,,,,
555,Before My Body Is Dry feat. Lollia (dj-Jo Remix),8,,,,,,
556,ECHO (feat. Gumi) [dj-Jo Remix],2,,,,,,
557,"PAPERMOON (from ""Soul Eater"")",2,,,,,,
558,"Seven Deadly Sins (From ""Seven Deadly Sins"") [feat. PelleK]",3,,,,,,
559,Is There Still Anything That Love Can Do? (English Version),5,,,,,,
560,Voracity,3,,,,,,
561,L.L.L.,2,,,,,,
562,Fairy Tail Main Theme (dj-Jo Remix),8,,,,,,
563,Sign of the Times,5,,,,,,
564,Lalala,3,,,,,,
565,Die Peacefully,0,,,,,,
566,Diving in Too Deep,2,,,,,,
567,Kingdom Come,3,,,,,,
568,Paper Planes,3,,,,,,
569,Jungle,1,,,,,,
570,Waves Of Loneliness,9,,,,,,
571,Simple & Sweet,7,,,,,,
572,Luxury,5,,,,,,
573,Sad Song,3,,,,,,
574,JT,3,,,,,,
575,Middle Finger,2,,,,,,
576,Born For This,2,,,,,,
577,thoughts & prayers,5,,,,,,
578,Solo,1,,,,,,
579,Renegades,3,,,,,,
580,Paris,3,,,,,,
581,Sanity,2,,,,,,
582,lovely (with Khalid),6,,,,,,
583,Something Just Like This,1,,,,,,
584,Superhero,1,,,,,,
585,"Zero - From the Original Motion Picture ""Ralph Breaks The Internet""",5,,,,,,
586,Sweet Dreams (Are Made of This) - Remastered,2,,,,,,
587,Phoenix (Carpenter Brut Remix),5,,,,,,
588,"Into the Unknown - From ""Frozen 2""",3,,,,,,
589,GIANTS,3,,,,,,
590,Sarcasm,2,,,,,,
591,Zombie,5,,,,,,
592,Maniac,9,,,,,,
593,Revolver,4,,,,,,
594,Take It Back,7,,,,,,
595,Ayleeyuns,5,,,,,,
596,High Definition,9,,,,,,
597,Legacy,2,,,,,,
598,I'm Ready,9,,,,,,
599,Stand Up,3,,,,,,
600,Revolution,2,,,,,,
601,Humble,1,,,,,,
602,Netflix Trip,9,,,,,,
603,Wanted,3,,,,,,
604,Afterlife,8,,,,,,
605,Sick Boy,1,,,,,,
606,Crocodile Tears,1,,,,,,
607,Believer,1,,,,,,
608,It’s Only (feat. Zyra) - ODESZA VIP Remix,4,,,,,,
609,Trampoline,2,,,,,,
610,Dizzy,8,,,,,,
611,Immigrant Song - Remaster,9,,,,,,
612,Darkside,8,,,,,,
613,Another Level,1,,,,,,
614,We Are Young (feat. Janelle Monáe),9,,,,,,
615,Dear Future Self (Hands Up) [feat. Wyclef Jean],3,,,,,,
616,"""The Take Over, The Breaks Over""",9,,,,,,
617,Centuries,2,,,,,,
618,Blood // Water,2,,,,,,
619,Hate Me - R3HAB Remix,5,,,,,,
620,Just One Yesterday,2,,,,,,
621,I've Been Waiting (w/ ILoveMakonnen & Fall Out Boy),2,,,,,,
622,HandClap,9,,,,,,
623,The Mighty Fall,2,,,,,,
624,Save Rock And Roll,5,,,,,,
625,Welcome to the Party (feat. Zhavia),3,,,,,,
626,"Ashes - from ""Deadpool 2"" Motion Picture Soundtrack",8,,,,,,
627,Crop Circles,2,,,,,,
628,Alone Together,9,,,,,,
629,The Good In Me,1,,,,,,
630,Sad Still,5,,,,,,
631,Run Wild,1,,,,,,
632,I Don't Care - Single Version,1,,,,,,
633,Boy In The Bubble,1,,,,,,
634,Dead Man Walking,7,,,,,,
635,Friends,2,,,,,,
636,Horns,5,,,,,,
637,The Entertainment's Here,5,,,,,,
638,Next Up Forever,5,,,,,,
639,While You Count Sheep,7,,,,,,
640,Fashion,3,,,,,,
641,Thief,8,,,,,,
642,rock + roll,6,,,,,,
643,Maybe IDK,5,,,,,,
644,Karma,5,,,,,,
645,Hand Of God - Outro,8,,,,,,
646,Woke The F*ck Up,9,,,,,,
647,80's Films,5,,,,,,
648,iRobot,5,,,,,,
649,Heroes,8,,,,,,
650,Overwhelming,3,,,,,,
651,Guillotine,2,,,,,,
652,Beautiful Now,1,,,,,,
653,Blu,3,,,,,,
654,All Time Low,3,,,,,,
655,Morning In America,9,,,,,,
656,Under Pressure - Remastered 2011,3,,,,,,
657,Boys Will Be Bugs,3,,,,,,
658,Sick Boy,1,,,,,,
659,Out My Head,2,,,,,,
660,Empress,8,,,,,,
661,Bone Dry,5,,,,,,
662,Samurai (feat. Katy Tiz),8,,,,,,
663,Limelight (NGHTMRE Remix),3,,,,,,
664,"Me, Myself & I",8,,,,,,
665,Hey Brother,2,,,,,,
666,DJ Got Us Fallin' In Love,2,,,,,,
667,Break Your Heart,9,,,,,,
668,Royals,5,,,,,,
669,Love,5,,,,,,
670,Six Feet Under,6,,,,,,
671,watch,3,,,,,,
672,ocean eyes,6,,,,,,
673,WHEN I WAS OLDER - Music Inspired By The Film ROMA,4,,,,,,
674,Idle Town,7,,,,,,
675,all the good girls go to hell,1,,,,,,
676,Can't Feel My Face,1,,,,,,
677,Ride,9,,,,,,
678,Powerful,3,,,,,,
679,Hide Away,1,,,,,,
680,Candyman,8,,,,,,
681,Secrets,3,,,,,,
682,7 Years,9,,,,,,
683,Hall of Fame (feat. will.i.am),9,,,,,,
684,YOUTH,9,,,,,,
685,Airplanes (feat. Hayley Williams of Paramore),2,,,,,,
686,Closer - T-Mass Remix,9,,,,,,
687,Cold Water,2,,,,,,
688,Stitches,3,,,,,,
689,How Deep is Your Love (feat. Disciples),1,,,,,,
690,Summer Days (feat. Macklemore & Patrick Stump of Fall Out Boy),2,,,,,,
691,Lake Effect Kid,9,,,,,,
692,idontwannabeyouanymore,7,,,,,,
693,Hope (feat. Philip Nolan),8,,,,,,
694,party favor,7,,,,,,
695,you should see me in a crown,7,,,,,,
696,xanny,7,,,,,,
697,Birthday Party,3,,,,,,
698,100 Bad Days,9,,,,,,
699,Don't Throw Out My Legos,3,,,,,,
700,when the party's over,7,,,,,,
701,Drama,3,,,,,,
702,18,9,,,,,,
703,Social Climb,1,,,,,,
704,bad guy,5,,,,,,
705,COPYCAT,8,,,,,,
706,Love Myself,8,,,,,,
707,Symphony (feat. Zara Larsson),8,,,,,,
708,Lush Life,1,,,,,,
709,Weak,9,,,,,,
710,Tonight Tonight,3,,,,,,
711,Let Me Down Slowly,2,,,,,,
712,Greek God,8,,,,,,
713,Can't Hold Me Down,5,,,,,,
714,Generation Why,9,,,,,,
715,The King,3,,,,,,
716,Short Change Hero,2,,,,,,
717,No New Friends,9,,,,,,
718,Chasing The Sun,2,,,,,,
719,Some Nights,3,,,,,,
720,All The Stars (with SZA),9,,,,,,
721,Don't Stop Me Now - Remastered 2011,5,,,,,,
722,bury a friend,7,,,,,,
723,When I Was Your Man,7,,,,,,
724,Millionaire (feat. Nelly) - Alan Walker Remix,9,,,,,,
725,"You Can't Stop This Motherf**ker - Choir Only Mix (from ""Deadpool 2"")",7,,,,,,
726,"Hey, Soul Sister",2,,,,,,
727,Good Old Days (feat. Kesha),7,,,,,,
728,Demons,3,,,,,,
729,Sheep (Alan Walker Relift),8,,,,,,
730,Lost Control,5,,,,,,
731,Bonfire,5,,,,,,
732,IV. Sweatpants,3,,,,,,
733,Antidote,3,,,,,,
734,Stereo Hearts (feat. Adam Levine),9,,,,,,
735,do re mi,5,,,,,,
736,iSpy (feat. Lil Yachty),7,,,,,,
737,Lily,2,,,,,,
738,Do It All for You,3,,,,,,
739,Different World (feat. CORSAK),2,,,,,,
740,Good Time,9,,,,,,
741,The Kids Aren't Alright,5,,,,,,
742,Hurt,6,,,,,,
743,Legends Never Die (Alan Walker Remix),1,,,,,,
744,Lonely (feat. ISÁK & Omar Noir),8,,,,,,
745,Strongest (Alan Walker Remix),3,,,,,,
746,Issues - Alan Walker Remix,9,,,,,,
747,Sky,0,,,,,,
748,Diamond Heart,3,,,,,,
749,Alone,5,,,,,,
750,All Falls Down (feat. Juliander),3,,,,,,
751,The Spectre,8,,,,,,
752,Faded,5,,,,,,
753,After the Afterparty (feat. Lil Yachty) - Alan Walker Remix,9,,,,,,
754,Drowning (feat. Kodak Black),2,,,,,,
755,American Boy (feat. Kanye West),3,,,,,,
756,Fade,5,,,,,,
757,Tired,9,,,,,,
758,Sing Me to Sleep,8,,,,,,
759,Stranger Things (feat. OneRepublic) - Alan Walker Remix,3,,,,,,
760,Ignite,1,,,,,,
761,Where Are Ü Now (with Justin Bieber) - Marshmello Remix,5,,,,,,
762,Happier,9,,,,,,
763,Twin Skeleton's (Hotel In NYC),8,,,,,,
764,Fourth Of July,2,,,,,,
765,Novocaine,3,,,,,,
766,Jet Pack Blues,2,,,,,,
767,Bones (feat. OneRepublic),3,,,,,,
768,The Haunting,1,,,,,,
769,Let's Hurt Tonight,5,,,,,,
770,Future Looks Good,5,,,,,,
771,Kids,3,,,,,,
772,Dream,1,,,,,,
773,Choke,8,,,,,,
774,Fingertips,6,,,,,,
775,Human,2,,,,,,
776,Lift Me Up,2,,,,,,
777,NbHD,2,,,,,,
778,Wherever I Go,1,,,,,,
779,All These Things,5,,,,,,
780,Heaven,1,,,,,,
781,Better,9,,,,,,
782,Born,8,,,,,,
783,Keep on Keeping On (feat. Brendon Urie),2,,,,,,
784,HOLD ME TIGHT OR DON’T,2,,,,,,
785,Stay Frosty Royal Milk Tea,2,,,,,,
786,The Phoenix,2,,,,,,
787,"This Ain't A Scene, It's An Arms Race",5,,,,,,
788,My Songs Know What You Did In The Dark (Light Em Up),1,,,,,,
789,Uma Thurman,2,,,,,,
790,Immortals,3,,,,,,
791,"Dance, Dance",1,,,,,,
792,Thnks fr th Mmrs,1,,,,,,
793,The Greatest Show,1,,,,,,
794,Way Up,1,,,,,,
795,Save The Day (feat. Coi Leray & LouGotCash),2,,,,,,
796,Let Go,7,,,,,,
797,Scared of the Dark (feat. XXXTENTACION),8,,,,,,
798,"Elevate (feat. Denzel Curry, YBN Cordae, SwaVay, Trevor Rich)",2,,,,,,
799,Home,1,,,,,,
800,Not Alone,9,,,,,,
801,Memories,2,,,,,,
802,"Familia (with Anuel Aa, feat. Bantu) - Spider-Man: Into the Spider-Verse",1,,,,,,
803,What's Up Danger (with Black Caviar),3,,,,,,
804,Sarcasm,2,,,,,,
805,Hide (feat. Seezyn),8,,,,,,
806,Invincible,1,,,,,,
807,Sunflower - Spider-Man: Into the Spider-Verse,7,,,,,,
808,Start a Riot,3,,,,,,
809,Revolution,1,,,,,,
810,Back from the Edge,2,,,,,,
811,Burn the House Down,3,,,,,,
812,Feel It Still,2,,,,,,
813,Stole the Show,1,,,,,,
814,Time to Dance,1,,,,,,
815,Do You Know What I'm Seeing?,1,,,,,,
816,Behind the Sea,5,,,,,,
817,London Beckoned Songs About Money Written by Machines,2,,,,,,
818,Pas de Cheval,9,,,,,,
819,Sandcastles,1,,,,,,
820,Vegas Lights,9,,,,,,
821,Far Too Young to Die,2,,,,,,
822,Memories,8,,,,,,
823,Trade Mistakes,5,,,,,,
824,"Nails for Breakfast, Tacks for Snacks",9,,,,,,
825,Ready to Go (Get Me Out of My Mind),3,,,,,,
826,Always,7,,,,,,
827,When the Day Met the Night,5,,,,,,
828,Closer,7,,,,,,
829,In the Name of Love,8,,,,,,
830,Kids,3,,,,,,
831,American Beauty/American Psycho,3,,,,,,
832,"Sugar, We're Goin Down",9,,,,,,
833,Monster,3,,,,,,
834,Serial Killer,8,,,,,,
835,Lost In Japan - Remix,9,,,,,,
836,Mountains,3,,,,,,
837,The Greatest Show,1,,,,,,
838,It's Not This,2,,,,,,
839,She Had the World,5,,,,,,
840,Camisado,3,,,,,,
841,Dancing In The Dark,7,,,,,,
842,Darkside,8,,,,,,
843,Friction,5,,,,,,
844,Youngblood,1,,,,,,
845,American Idiot,3,,,,,,
846,Mad as Rabbits,9,,,,,,
847,Let's Kill Tonight,8,,,,,,
848,Psycho,9,,,,,,
849,Promises - Sonny Fodera Remix,2,,,,,,
850,Diamond Heart,3,,,,,,
851,Warriors,8,,,,,,
852,Radioactive,1,,,,,,
853,Yesterday,5,,,,,,
854,Cha-Ching (Till We Grow Older),5,,,,,,
855,Gold,1,,,,,,
856,Monster,3,,,,,,
857,"Dear Maria, Count Me In",3,,,,,,
858,Walking The Wire,5,,,,,,
859,Dancing In The Dark,7,,,,,,
860,I Don’t Know Why,3,,,,,,
861,Next To Me,3,,,,,,
862,Tear in My Heart,3,,,,,,
863,Young And Menace,5,,,,,,
864,Hurricane,1,,,,,,
865,The Last Of The Real Ones,9,,,,,,
866,Heavydirtysoul,1,,,,,,
867,Choke,3,,,,,,
868,Dressed In Black,3,,,,,,
869,Boulevard of Broken Dreams,4,,,,,,
870,Teenagers,3,,,,,,
871,Girl That You Love,5,,,,,,
872,Nearly Witches (Ever Since We Met...),5,,,,,,
873,C'mon - Single Version,3,,,,,,
874,Sarah Smiles,3,,,,,,
875,I Constantly Thank God for Esteban,2,,,,,,
876,"The Good, the Bad and the Dirty",1,,,,,,
877,The Ballad of Mona Lisa,1,,,,,,
878,Miss Jackson (feat. LOLO),3,,,,,,
879,"There's a Good Reason These Tables Are Numbered Honey, You Just Haven't Thought of It Yet",2,,,,,,
880,Northern Downpour,5,,,,,,
881,The Overpass,1,,,,,,
882,One of the Drunks,1,,,,,,
883,Casual Affair,2,,,,,,
884,Nine in the Afternoon - Single Mix,5,,,,,,
885,Hallelujah,9,,,,,,
886,House of Memories,1,,,,,,
887,This Is Gospel,9,,,,,,
888,Dying in LA,7,,,,,,
889,Wilson (Expensive Mistakes),9,,,,,,
890,But It's Better If You Do,1,,,,,,
891,"Build God, Then We'll Talk",1,,,,,,
892,Crazy = Genius,3,,,,,,
893,LA Devotee,9,,,,,,
894,Impossible Year,5,,,,,,
895,The Only Difference Between Martyrdom and Suicide Is Press Coverage,2,,,,,,
896,Girls / Girls / Boys,1,,,,,,
897,The Calendar,3,,,,,,
898,Bohemian Rhapsody,5,,,,,,
899,Golden Days,5,,,,,,
900,Nicotine,2,,,,,,
901,Emperor's New Clothes,3,,,,,,
902,Don't Threaten Me with a Good Time,8,,,,,,
903,I Write Sins Not Tragedies,1,,,,,,
904,Old Fashioned,2,,,,,,
905,King of the Clouds,8,,,,,,
906,Dancing's Not a Crime,9,,,,,,
907,Say Amen (Saturday Night),2,,,,,,
908,Roaring 20s,3,,,,,,
909,High Hopes,9,,,,,,
910,"Hey Look Ma, I Made It",9,,,,,,
911,(Fuck A) Silver Lining,2,,,,,,
912,I'm Not Famous,9,,,,,,
913,Death of a Bachelor,3,,,,,,
914,Victorious,9,,,,,,
915,Easy,3,,,,,,
916,Just Got Something,8,,,,,,
917,Burn the House Down,3,,,,,,
918,Lucid Dreams,8,,,,,,
919,Natural,3,,,,,,
920,Letting Go,3,,,,,,
921,On My Way (feat. Leah Haywood),5,,,,,,
922,Fired Up,1,,,,,,
923,Audio,8,,,,,,
924,Connection,5,,,,,,
925,Oh Child,9,,,,,,
926,Sober Up,7,,,,,,
927,Everything Black (feat. Mike Taylor),2,,,,,,
928,Rolex,3,,,,,,
929,Young Dumb & Broke,3,,,,,,
930,All My Friends (feat. Tinashe & Chance the Rapper),3,,,,,,
931,Regicide,4,,,,,,
932,Mara's Theme,0,,,,,,
933,Deep Stone Lullaby,4,,,,,,
934,Blue Diamond,4,,,,,,
935,Krigsgaldr,4,,,,,,
936,Into the Fray,0,,,,,,
937,Quid Pro Quo,6,,,,,,
938,Bushido,0,,,,,,
939,Anxiety,4,,,,,,
940,The Mad Wizard,0,,,,,,
941,An Uneasy Campfire,0,,,,,,
942,A Hero Rises,0,,,,,,
943,The Sunken City,4,,,,,,
944,Bioluminescence,7,,,,,,
945,Vile Chronometry,3,,,,,,
946,Twin Desolate Worlds,4,,,,,,
947,Among the Blighted Angels,0,,,,,,
948,Tears for a Lost Soul,0,,,,,,
949,Dirge from Dark Side,0,,,,,,
950,Godskin Apostles,0,,,,,,
951,Alpha & Omega,3,,,,,,
952,"Bel'Veth, the Empress of the Void",4,,,,,,
953,Danse Macabre,0,,,,,,
954,"Shell of What Was (From ""Destiny 2"")",0,,,,,,
955,Hunter x Hunter - Zoldyck Family Theme - Remix,0,,,,,,
956,River Fallen,0,,,,,,
957,Warbringers: Azshara,4,,,,,,
958,"Sleeping in the Cold Below (From ""Warframe"")",1,,,,,,
959,Mercy,8,,,,,,
960,États d'amour,9,,,,,,
961,J'ai cherché,3,,,,,,
962,Les rues de ma peine,9,,,,,,
963,On dirait,3,,,,,,
964,Sors de ma tête,1,,,,,,
965,Que le temps s'arrête,8,,,,,,
966,No Vacancy (feat. Amir),9,,,,,,
967,Dumbo,7,,,,,,
968,Caresse sur l'océan,7,,,,,,
969,Vois sur ton chemin,6,,,,,,
970,La Nuit,7,,,,,,
971,Sur la lune,5,,,,,,
972,Que ça dure,1,,,,,,
973,Dommage,1,,,,,,
974,Insolent 3,9,,,,,,
975,Seule Issue,2,,,,,,
976,Poker,3,,,,,,
977,Idéal paradoxal,8,,,,,,
978,Impneuratrice,2,,,,,,
